Workbook

Sheet Tableau
A1: 2=gewonnen 1=unentschieden | L1: Ausrichter : | M1: BGH
A2: 0=verloren | L2: Datum : | M2: =TODAY()
A4: Gruppe/Runde | B4: Partie | C4: Tisch | D4: Spieler 1 | E4: Spieler 2 | F4: Pass 1 | G4: Pass 2 | H4: Punkte 1 | I4: Punkte 2 | J4: Aufn. 1 | K4: Aufn. 2 | L4: HS 1 | M4: HS 2
A5: Gruppe 1 | B5: 1 | C5: 1 | D5: =IF('Teilnehmer'!B2="","",'Teilnehmer'!B2) | E5: =IF('Teilnehmer'!B9="","",'Teilnehmer'!B9) | F5: =IF('Teilnehmer'!C2="","",'Teilnehmer'!C2) | G5: =IF('Teilnehmer'!C9="","",'Teilnehmer'!C9)
A6: Gruppe 1 | B6: 2 | C6: 2 | D6: =IF('Teilnehmer'!B5="","",'Teilnehmer'!B5) | E6: =IF('Teilnehmer'!B6="","",'Teilnehmer'!B6) | F6: =IF('Teilnehmer'!C5="","",'Teilnehmer'!C5) | G6: =IF('Teilnehmer'!C6="","",'Teilnehmer'!C6)
A7: Gruppe 2 | B7: 3 | C7: 3 | D7: =IF('Teilnehmer'!B3="","",'Teilnehmer'!B3) | E7: =IF('Teilnehmer'!B8="","",'Teilnehmer'!B8) | F7: =IF('Teilnehmer'!C3="","",'Teilnehmer'!C3) | G7: =IF('Teilnehmer'!C8="","",'Teilnehmer'!C8)
A8: Gruppe 2 | B8: 4 | C8: 4 | D8: =IF('Teilnehmer'!B4="","",'Teilnehmer'!B4) | E8: =IF('Teilnehmer'!B7="","",'Teilnehmer'!B7) | F8: =IF('Teilnehmer'!C4="","",'Teilnehmer'!C4) | G8: =IF('Teilnehmer'!C7="","",'Teilnehmer'!C7)
A9: Gruppe 1 | B9: 5 | C9: 1 | D9: =IF('Teilnehmer'!B2="","",'Teilnehmer'!B2) | E9: =IF('Teilnehmer'!B6="","",'Teilnehmer'!B6) | F9: =IF('Teilnehmer'!C2="","",'Teilnehmer'!C2) | G9: =IF('Teilnehmer'!C6="","",'Teilnehmer'!C6)
A10: Gruppe 1 | B10: 6 | C10: 2 | D10: =IF('Teilnehmer'!B5="","",'Teilnehmer'!B5) | E10: =IF('Teilnehmer'!B9="","",'Teilnehmer'!B9) | F10: =IF('Teilnehmer'!C5="","",'Teilnehmer'!C5) | G10: =IF('Teilnehmer'!C9="","",'Teilnehmer'!C9)
A11: Gruppe 2 | B11: 7 | C11: 3 | D11: =IF('Teilnehmer'!B3="","",'Teilnehmer'!B3) | E11: =IF('Teilnehmer'!B7="","",'Teilnehmer'!B7) | F11: =IF('Teilnehmer'!C3="","",'Teilnehmer'!C3) | G11: =IF('Teilnehmer'!C7="","",'Teilnehmer'!C7)
A12: Gruppe 2 | B12: 8 | C12: 4 | D12: =IF('Teilnehmer'!B4="","",'Teilnehmer'!B4) | E12: =IF('Teilnehmer'!B8="","",'Teilnehmer'!B8) | F12: =IF('Teilnehmer'!C4="","",'Teilnehmer'!C4) | G12: =IF('Teilnehmer'!C8="","",'Teilnehmer'!C8)
A13: Gruppe 1 | B13: 9 | C13: 1 | D13: =IF('Teilnehmer'!B2="","",'Teilnehmer'!B2) | E13: =IF('Teilnehmer'!B5="","",'Teilnehmer'!B5) | F13: =IF('Teilnehmer'!C2="","",'Teilnehmer'!C2) | G13: =IF('Teilnehmer'!C5="","",'Teilnehmer'!C5)
A14: Gruppe 1 | B14: 10 | C14: 2 | D14: =IF('Teilnehmer'!B6="","",'Teilnehmer'!B6) | E14: =IF('Teilnehmer'!B9="","",'Teilnehmer'!B9) | F14: =IF('Teilnehmer'!C6="","",'Teilnehmer'!C6) | G14: =IF('Teilnehmer'!C9="","",'Teilnehmer'!C9)
A15: Gruppe 2 | B15: 11 | C15: 3 | D15: =IF('Teilnehmer'!B3="","",'Teilnehmer'!B3) | E15: =IF('Teilnehmer'!B4="","",'Teilnehmer'!B4) | F15: =IF('Teilnehmer'!C3="","",'Teilnehmer'!C3) | G15: =IF('Teilnehmer'!C4="","",'Teilnehmer'!C4)
A16: Gruppe 2 | B16: 12 | C16: 4 | D16: =IF('Teilnehmer'!B7="","",'Teilnehmer'!B7) | E16: =IF('Teilnehmer'!B8="","",'Teilnehmer'!B8) | F16: =IF('Teilnehmer'!C7="","",'Teilnehmer'!C7) | G16: =IF('Teilnehmer'!C8="","",'Teilnehmer'!C8)
A17: Final- und Platzierungsspiele
A19: Halbfinale 1 über Kreuz | B19: 13 | C19: 1
A20: Halbfinale 2 über Kreuz | B20: 14 | C20: 2
A21: Platz 7-8 | B21: 15 | C21: 3
A22: Platz 5-6 | B22: 16 | C22: 4
A23: Finale | B23: 17 | C23: 1
A24: Platz 3-4 | B24: 18 | C24: 2
A26: Tabelle Gruppe 1
A27: Setz. | B27: Spieler | C27: Pass | D27: Partie-Punkte | E27: Bälle | F27: Aufn. | G27: GD | H27: HS
A28: 1 | B28: =IF('Teilnehmer'!B2="","",'Teilnehmer'!B2) | C28: =IF('Teilnehmer'!C2="","",'Teilnehmer'!C2) | D28: =IF(C28="","",SUMPRODUCT(($F$5:$F$16=C28)*($H$5:$H$16<>"")*($I$5:$I$16<>"")*IF($H$5:$H$16>$I$5:$I$16,2,IF($H$5:$H$16=$I$5:$I$16,1,0)))+SUMPRODUCT(($G$5:$G$16=C28)*($H$5:$H$16<>"")*($I$5:$I$16<>"")*IF($I$5:$I$16>$H$5:$H$16,2,IF($I$5:$I$16=$H$5:$H$16,1,0)))) | E28: =IF(C28="","",SUMIFS($H:$H,$F:$F,C28)+SUMIFS($I:$I,$G:$G,C28)) | F28: =IF(C28="","",SUMIFS($J:$J,$F:$F,C28)+SUMIFS($K:$K,$G:$G,C28)) | G28: =IF(F28>0,TRUNC(E28/F28,3),"") | H28: =IF(C28="","",MAX(MAXIFS($L:$L,$F:$F,C28),MAXIFS($M:$M,$G:$G,C28)))
A29: 4 | B29: =IF('Teilnehmer'!B5="","",'Teilnehmer'!B5) | C29: =IF('Teilnehmer'!C5="","",'Teilnehmer'!C5) | D29: =IF(C29="","",SUMPRODUCT(($F$5:$F$16=C29)*($H$5:$H$16<>"")*($I$5:$I$16<>"")*IF($H$5:$H$16>$I$5:$I$16,2,IF($H$5:$H$16=$I$5:$I$16,1,0)))+SUMPRODUCT(($G$5:$G$16=C29)*($H$5:$H$16<>"")*($I$5:$I$16<>"")*IF($I$5:$I$16>$H$5:$H$16,2,IF($I$5:$I$16=$H$5:$H$16,1,0)))) | E29: =IF(C29="","",SUMIFS($H:$H,$F:$F,C29)+SUMIFS($I:$I,$G:$G,C29)) | F29: =IF(C29="","",SUMIFS($J:$J,$F:$F,C29)+SUMIFS($K:$K,$G:$G,C29)) | G29: =IF(F29>0,TRUNC(E29/F29,3),"") | H29: =IF(C29="","",MAX(MAXIFS($L:$L,$F:$F,C29),MAXIFS($M:$M,$G:$G,C29)))
A30: 5 | B30: =IF('Teilnehmer'!B6="","",'Teilnehmer'!B6) | C30: =IF('Teilnehmer'!C6="","",'Teilnehmer'!C6) | D30: =IF(C30="","",SUMPRODUCT(($F$5:$F$16=C30)*($H$5:$H$16<>"")*($I$5:$I$16<>"")*IF($H$5:$H$16>$I$5:$I$16,2,IF($H$5:$H$16=$I$5:$I$16,1,0)))+SUMPRODUCT(($G$5:$G$16=C30)*($H$5:$H$16<>"")*($I$5:$I$16<>"")*IF($I$5:$I$16>$H$5:$H$16,2,IF($I$5:$I$16=$H$5:$H$16,1,0)))) | E30: =IF(C30="","",SUMIFS($H:$H,$F:$F,C30)+SUMIFS($I:$I,$G:$G,C30)) | F30: =IF(C30="","",SUMIFS($J:$J,$F:$F,C30)+SUMIFS($K:$K,$G:$G,C30)) | G30: =IF(F30>0,TRUNC(E30/F30,3),"") | H30: =IF(C30="","",MAX(MAXIFS($L:$L,$F:$F,C30),MAXIFS($M:$M,$G:$G,C30)))
A31: 8 | B31: =IF('Teilnehmer'!B9="","",'Teilnehmer'!B9) | C31: =IF('Teilnehmer'!C9="","",'Teilnehmer'!C9) | D31: =IF(C31="","",SUMPRODUCT(($F$5:$F$16=C31)*($H$5:$H$16<>"")*($I$5:$I$16<>"")*IF($H$5:$H$16>$I$5:$I$16,2,IF($H$5:$H$16=$I$5:$I$16,1,0)))+SUMPRODUCT(($G$5:$G$16=C31)*($H$5:$H$16<>"")*($I$5:$I$16<>"")*IF($I$5:$I$16>$H$5:$H$16,2,IF($I$5:$I$16=$H$5:$H$16,1,0)))) | E31: =IF(C31="","",SUMIFS($H:$H,$F:$F,C31)+SUMIFS($I:$I,$G:$G,C31)) | F31: =IF(C31="","",SUMIFS($J:$J,$F:$F,C31)+SUMIFS($K:$K,$G:$G,C31)) | G31: =IF(F31>0,TRUNC(E31/F31,3),"") | H31: =IF(C31="","",MAX(MAXIFS($L:$L,$F:$F,C31),MAXIFS($M:$M,$G:$G,C31)))
A34: Tabelle Gruppe 2
A35: Setz. | B35: Spieler | C35: Pass | D35: Partie-Punkte | E35: Bälle | F35: Aufn. | G35: GD | H35: HS
A36: 2 | B36: =IF('Teilnehmer'!B3="","",'Teilnehmer'!B3) | C36: =IF('Teilnehmer'!C3="","",'Teilnehmer'!C3) | D36: =IF(C36="","",SUMPRODUCT(($F$5:$F$16=C36)*($H$5:$H$16<>"")*($I$5:$I$16<>"")*IF($H$5:$H$16>$I$5:$I$16,2,IF($H$5:$H$16=$I$5:$I$16,1,0)))+SUMPRODUCT(($G$5:$G$16=C36)*($H$5:$H$16<>"")*($I$5:$I$16<>"")*IF($I$5:$I$16>$H$5:$H$16,2,IF($I$5:$I$16=$H$5:$H$16,1,0)))) | E36: =IF(C36="","",SUMIFS($H:$H,$F:$F,C36)+SUMIFS($I:$I,$G:$G,C36)) | F36: =IF(C36="","",SUMIFS($J:$J,$F:$F,C36)+SUMIFS($K:$K,$G:$G,C36)) | G36: =IF(F36>0,TRUNC(E36/F36,3),"") | H36: =IF(C36="","",MAX(MAXIFS($L:$L,$F:$F,C36),MAXIFS($M:$M,$G:$G,C36)))
A37: 3 | B37: =IF('Teilnehmer'!B4="","",'Teilnehmer'!B4) | C37: =IF('Teilnehmer'!C4="","",'Teilnehmer'!C4) | D37: =IF(C37="","",SUMPRODUCT(($F$5:$F$16=C37)*($H$5:$H$16<>"")*($I$5:$I$16<>"")*IF($H$5:$H$16>$I$5:$I$16,2,IF($H$5:$H$16=$I$5:$I$16,1,0)))+SUMPRODUCT(($G$5:$G$16=C37)*($H$5:$H$16<>"")*($I$5:$I$16<>"")*IF($I$5:$I$16>$H$5:$H$16,2,IF($I$5:$I$16=$H$5:$H$16,1,0)))) | E37: =IF(C37="","",SUMIFS($H:$H,$F:$F,C37)+SUMIFS($I:$I,$G:$G,C37)) | F37: =IF(C37="","",SUMIFS($J:$J,$F:$F,C37)+SUMIFS($K:$K,$G:$G,C37)) | G37: =IF(F37>0,TRUNC(E37/F37,3),"") | H37: =IF(C37="","",MAX(MAXIFS($L:$L,$F:$F,C37),MAXIFS($M:$M,$G:$G,C37)))
A38: 6 | B38: =IF('Teilnehmer'!B7="","",'Teilnehmer'!B7) | C38: =IF('Teilnehmer'!C7="","",'Teilnehmer'!C7) | D38: =IF(C38="","",SUMPRODUCT(($F$5:$F$16=C38)*($H$5:$H$16<>"")*($I$5:$I$16<>"")*IF($H$5:$H$16>$I$5:$I$16,2,IF($H$5:$H$16=$I$5:$I$16,1,0)))+SUMPRODUCT(($G$5:$G$16=C38)*($H$5:$H$16<>"")*($I$5:$I$16<>"")*IF($I$5:$I$16>$H$5:$H$16,2,IF($I$5:$I$16=$H$5:$H$16,1,0)))) | E38: =IF(C38="","",SUMIFS($H:$H,$F:$F,C38)+SUMIFS($I:$I,$G:$G,C38)) | F38: =IF(C38="","",SUMIFS($J:$J,$F:$F,C38)+SUMIFS($K:$K,$G:$G,C38)) | G38: =IF(F38>0,TRUNC(E38/F38,3),"") | H38: =IF(C38="","",MAX(MAXIFS($L:$L,$F:$F,C38),MAXIFS($M:$M,$G:$G,C38)))
A39: 7 | B39: =IF('Teilnehmer'!B8="","",'Teilnehmer'!B8) | C39: =IF('Teilnehmer'!C8="","",'Teilnehmer'!C8) | D39: =IF(C39="","",SUMPRODUCT(($F$5:$F$16=C39)*($H$5:$H$16<>"")*($I$5:$I$16<>"")*IF($H$5:$H$16>$I$5:$I$16,2,IF($H$5:$H$16=$I$5:$I$16,1,0)))+SUMPRODUCT(($G$5:$G$16=C39)*($H$5:$H$16<>"")*($I$5:$I$16<>"")*IF($I$5:$I$16>$H$5:$H$16,2,IF($I$5:$I$16=$H$5:$H$16,1,0)))) | E39: =IF(C39="","",SUMIFS($H:$H,$F:$F,C39)+SUMIFS($I:$I,$G:$G,C39)) | F39: =IF(C39="","",SUMIFS($J:$J,$F:$F,C39)+SUMIFS($K:$K,$G:$G,C39)) | G39: =IF(F39>0,TRUNC(E39/F39,3),"") | H39: =IF(C39="","",MAX(MAXIFS($L:$L,$F:$F,C39),MAXIFS($M:$M,$G:$G,C39)))

Sheet Teilnehmer
A1: Setzposition | B1: Spieler | C1: Passnummer | D1: Gruppe | E1: Gruppenposition | F1: Hinweis
A2: 1 | D2: Gruppe 1 | E2: 1 | F2: Name und Passnummer hier eintragen
A3: 2 | D3: Gruppe 2 | E3: 1 | F3: Name und Passnummer hier eintragen
A4: 3 | D4: Gruppe 2 | E4: 2 | F4: Name und Passnummer hier eintragen
A5: 4 | D5: Gruppe 1 | E5: 2 | F5: Name und Passnummer hier eintragen
A6: 5 | D6: Gruppe 1 | E6: 3 | F6: Name und Passnummer hier eintragen
A7: 6 | D7: Gruppe 2 | E7: 3 | F7: Name und Passnummer hier eintragen
A8: 7 | D8: Gruppe 2 | E8: 4 | F8: Name und Passnummer hier eintragen
A9: 8 | D9: Gruppe 1 | E9: 4 | F9: Name und Passnummer hier eintragen
A11: Diese acht Namen werden automatisch in das Blatt Tableau übernommen. CSV Export verwendet die Passnummern. Final- und Platzierungsspiele bitte nach Feststehen der Paarungen im Tableau ergänzen.

Sheet CSV Export
A1: GRUPPE/RUNDE | B1: PARTIE | C1: SATZ-NR. | D1: PASS-NR. SPIELER 1 | E1: PASS-NR. SPIELER 2 | F1: PUNKTE SPIELER 1 | G1: PUNKTE SPIELER 2 | H1: AUFNAHMEN SPIELER 1 | I1: AUFNAHMEN SPIELER 2 | J1: HÖCHSTSERIE SPIELER 1 | K1: HÖCHSTSERIE SPIELER 2 | L1: DATUM | M1: UHRZEIT
A2: =IF('Tableau'!A5="","",'Tableau'!A5) | B2: =IF('Tableau'!B5="","",'Tableau'!B5) | C2: 1 | D2: =IF('Tableau'!F5="","",'Tableau'!F5) | E2: =IF('Tableau'!G5="","",'Tableau'!G5) | F2: =IF('Tableau'!H5="","",'Tableau'!H5) | G2: =IF('Tableau'!I5="","",'Tableau'!I5) | H2: =IF('Tableau'!J5="","",'Tableau'!J5) | I2: =IF('Tableau'!K5="","",'Tableau'!K5) | J2: =IF('Tableau'!L5="","",'Tableau'!L5) | K2: =IF('Tableau'!M5="","",'Tableau'!M5) | L2: ='Tableau'!M2
A3: =IF('Tableau'!A6="","",'Tableau'!A6) | B3: =IF('Tableau'!B6="","",'Tableau'!B6) | C3: 1 | D3: =IF('Tableau'!F6="","",'Tableau'!F6) | E3: =IF('Tableau'!G6="","",'Tableau'!G6) | F3: =IF('Tableau'!H6="","",'Tableau'!H6) | G3: =IF('Tableau'!I6="","",'Tableau'!I6) | H3: =IF('Tableau'!J6="","",'Tableau'!J6) | I3: =IF('Tableau'!K6="","",'Tableau'!K6) | J3: =IF('Tableau'!L6="","",'Tableau'!L6) | K3: =IF('Tableau'!M6="","",'Tableau'!M6) | L3: ='Tableau'!M2
A4: =IF('Tableau'!A7="","",'Tableau'!A7) | B4: =IF('Tableau'!B7="","",'Tableau'!B7) | C4: 1 | D4: =IF('Tableau'!F7="","",'Tableau'!F7) | E4: =IF('Tableau'!G7="","",'Tableau'!G7) | F4: =IF('Tableau'!H7="","",'Tableau'!H7) | G4: =IF('Tableau'!I7="","",'Tableau'!I7) | H4: =IF('Tableau'!J7="","",'Tableau'!J7) | I4: =IF('Tableau'!K7="","",'Tableau'!K7) | J4: =IF('Tableau'!L7="","",'Tableau'!L7) | K4: =IF('Tableau'!M7="","",'Tableau'!M7) | L4: ='Tableau'!M2
A5: =IF('Tableau'!A8="","",'Tableau'!A8) | B5: =IF('Tableau'!B8="","",'Tableau'!B8) | C5: 1 | D5: =IF('Tableau'!F8="","",'Tableau'!F8) | E5: =IF('Tableau'!G8="","",'Tableau'!G8) | F5: =IF('Tableau'!H8="","",'Tableau'!H8) | G5: =IF('Tableau'!I8="","",'Tableau'!I8) | H5: =IF('Tableau'!J8="","",'Tableau'!J8) | I5: =IF('Tableau'!K8="","",'Tableau'!K8) | J5: =IF('Tableau'!L8="","",'Tableau'!L8) | K5: =IF('Tableau'!M8="","",'Tableau'!M8) | L5: ='Tableau'!M2
A6: =IF('Tableau'!A9="","",'Tableau'!A9) | B6: =IF('Tableau'!B9="","",'Tableau'!B9) | C6: 1 | D6: =IF('Tableau'!F9="","",'Tableau'!F9) | E6: =IF('Tableau'!G9="","",'Tableau'!G9) | F6: =IF('Tableau'!H9="","",'Tableau'!H9) | G6: =IF('Tableau'!I9="","",'Tableau'!I9) | H6: =IF('Tableau'!J9="","",'Tableau'!J9) | I6: =IF('Tableau'!K9="","",'Tableau'!K9) | J6: =IF('Tableau'!L9="","",'Tableau'!L9) | K6: =IF('Tableau'!M9="","",'Tableau'!M9) | L6: ='Tableau'!M2
A7: =IF('Tableau'!A10="","",'Tableau'!A10) | B7: =IF('Tableau'!B10="","",'Tableau'!B10) | C7: 1 | D7: =IF('Tableau'!F10="","",'Tableau'!F10) | E7: =IF('Tableau'!G10="","",'Tableau'!G10) | F7: =IF('Tableau'!H10="","",'Tableau'!H10) | G7: =IF('Tableau'!I10="","",'Tableau'!I10) | H7: =IF('Tableau'!J10="","",'Tableau'!J10) | I7: =IF('Tableau'!K10="","",'Tableau'!K10) | J7: =IF('Tableau'!L10="","",'Tableau'!L10) | K7: =IF('Tableau'!M10="","",'Tableau'!M10) | L7: ='Tableau'!M2
A8: =IF('Tableau'!A11="","",'Tableau'!A11) | B8: =IF('Tableau'!B11="","",'Tableau'!B11) | C8: 1 | D8: =IF('Tableau'!F11="","",'Tableau'!F11) | E8: =IF('Tableau'!G11="","",'Tableau'!G11) | F8: =IF('Tableau'!H11="","",'Tableau'!H11) | G8: =IF('Tableau'!I11="","",'Tableau'!I11) | H8: =IF('Tableau'!J11="","",'Tableau'!J11) | I8: =IF('Tableau'!K11="","",'Tableau'!K11) | J8: =IF('Tableau'!L11="","",'Tableau'!L11) | K8: =IF('Tableau'!M11="","",'Tableau'!M11) | L8: ='Tableau'!M2
A9: =IF('Tableau'!A12="","",'Tableau'!A12) | B9: =IF('Tableau'!B12="","",'Tableau'!B12) | C9: 1 | D9: =IF('Tableau'!F12="","",'Tableau'!F12) | E9: =IF('Tableau'!G12="","",'Tableau'!G12) | F9: =IF('Tableau'!H12="","",'Tableau'!H12) | G9: =IF('Tableau'!I12="","",'Tableau'!I12) | H9: =IF('Tableau'!J12="","",'Tableau'!J12) | I9: =IF('Tableau'!K12="","",'Tableau'!K12) | J9: =IF('Tableau'!L12="","",'Tableau'!L12) | K9: =IF('Tableau'!M12="","",'Tableau'!M12) | L9: ='Tableau'!M2
A10: =IF('Tableau'!A13="","",'Tableau'!A13) | B10: =IF('Tableau'!B13="","",'Tableau'!B13) | C10: 1 | D10: =IF('Tableau'!F13="","",'Tableau'!F13) | E10: =IF('Tableau'!G13="","",'Tableau'!G13) | F10: =IF('Tableau'!H13="","",'Tableau'!H13) | G10: =IF('Tableau'!I13="","",'Tableau'!I13) | H10: =IF('Tableau'!J13="","",'Tableau'!J13) | I10: =IF('Tableau'!K13="","",'Tableau'!K13) | J10: =IF('Tableau'!L13="","",'Tableau'!L13) | K10: =IF('Tableau'!M13="","",'Tableau'!M13) | L10: ='Tableau'!M2
A11: =IF('Tableau'!A14="","",'Tableau'!A14) | B11: =IF('Tableau'!B14="","",'Tableau'!B14) | C11: 1 | D11: =IF('Tableau'!F14="","",'Tableau'!F14) | E11: =IF('Tableau'!G14="","",'Tableau'!G14) | F11: =IF('Tableau'!H14="","",'Tableau'!H14) | G11: =IF('Tableau'!I14="","",'Tableau'!I14) | H11: =IF('Tableau'!J14="","",'Tableau'!J14) | I11: =IF('Tableau'!K14="","",'Tableau'!K14) | J11: =IF('Tableau'!L14="","",'Tableau'!L14) | K11: =IF('Tableau'!M14="","",'Tableau'!M14) | L11: ='Tableau'!M2
A12: =IF('Tableau'!A15="","",'Tableau'!A15) | B12: =IF('Tableau'!B15="","",'Tableau'!B15) | C12: 1 | D12: =IF('Tableau'!F15="","",'Tableau'!F15) | E12: =IF('Tableau'!G15="","",'Tableau'!G15) | F12: =IF('Tableau'!H15="","",'Tableau'!H15) | G12: =IF('Tableau'!I15="","",'Tableau'!I15) | H12: =IF('Tableau'!J15="","",'Tableau'!J15) | I12: =IF('Tableau'!K15="","",'Tableau'!K15) | J12: =IF('Tableau'!L15="","",'Tableau'!L15) | K12: =IF('Tableau'!M15="","",'Tableau'!M15) | L12: ='Tableau'!M2
A13: =IF('Tableau'!A16="","",'Tableau'!A16) | B13: =IF('Tableau'!B16="","",'Tableau'!B16) | C13: 1 | D13: =IF('Tableau'!F16="","",'Tableau'!F16) | E13: =IF('Tableau'!G16="","",'Tableau'!G16) | F13: =IF('Tableau'!H16="","",'Tableau'!H16) | G13: =IF('Tableau'!I16="","",'Tableau'!I16) | H13: =IF('Tableau'!J16="","",'Tableau'!J16) | I13: =IF('Tableau'!K16="","",'Tableau'!K16) | J13: =IF('Tableau'!L16="","",'Tableau'!L16) | K13: =IF('Tableau'!M16="","",'Tableau'!M16) | L13: ='Tableau'!M2
A14: =IF('Tableau'!A19="","",'Tableau'!A19) | B14: =IF('Tableau'!B19="","",'Tableau'!B19) | C14: 1 | D14: =IF('Tableau'!F19="","",'Tableau'!F19) | E14: =IF('Tableau'!G19="","",'Tableau'!G19) | F14: =IF('Tableau'!H19="","",'Tableau'!H19) | G14: =IF('Tableau'!I19="","",'Tableau'!I19) | H14: =IF('Tableau'!J19="","",'Tableau'!J19) | I14: =IF('Tableau'!K19="","",'Tableau'!K19) | J14: =IF('Tableau'!L19="","",'Tableau'!L19) | K14: =IF('Tableau'!M19="","",'Tableau'!M19) | L14: ='Tableau'!M2
A15: =IF('Tableau'!A20="","",'Tableau'!A20) | B15: =IF('Tableau'!B20="","",'Tableau'!B20) | C15: 1 | D15: =IF('Tableau'!F20="","",'Tableau'!F20) | E15: =IF('Tableau'!G20="","",'Tableau'!G20) | F15: =IF('Tableau'!H20="","",'Tableau'!H20) | G15: =IF('Tableau'!I20="","",'Tableau'!I20) | H15: =IF('Tableau'!J20="","",'Tableau'!J20) | I15: =IF('Tableau'!K20="","",'Tableau'!K20) | J15: =IF('Tableau'!L20="","",'Tableau'!L20) | K15: =IF('Tableau'!M20="","",'Tableau'!M20) | L15: ='Tableau'!M2
A16: =IF('Tableau'!A21="","",'Tableau'!A21) | B16: =IF('Tableau'!B21="","",'Tableau'!B21) | C16: 1 | D16: =IF('Tableau'!F21="","",'Tableau'!F21) | E16: =IF('Tableau'!G21="","",'Tableau'!G21) | F16: =IF('Tableau'!H21="","",'Tableau'!H21) | G16: =IF('Tableau'!I21="","",'Tableau'!I21) | H16: =IF('Tableau'!J21="","",'Tableau'!J21) | I16: =IF('Tableau'!K21="","",'Tableau'!K21) | J16: =IF('Tableau'!L21="","",'Tableau'!L21) | K16: =IF('Tableau'!M21="","",'Tableau'!M21) | L16: ='Tableau'!M2
A17: =IF('Tableau'!A22="","",'Tableau'!A22) | B17: =IF('Tableau'!B22="","",'Tableau'!B22) | C17: 1 | D17: =IF('Tableau'!F22="","",'Tableau'!F22) | E17: =IF('Tableau'!G22="","",'Tableau'!G22) | F17: =IF('Tableau'!H22="","",'Tableau'!H22) | G17: =IF('Tableau'!I22="","",'Tableau'!I22) | H17: =IF('Tableau'!J22="","",'Tableau'!J22) | I17: =IF('Tableau'!K22="","",'Tableau'!K22) | J17: =IF('Tableau'!L22="","",'Tableau'!L22) | K17: =IF('Tableau'!M22="","",'Tableau'!M22) | L17: ='Tableau'!M2
A18: =IF('Tableau'!A23="","",'Tableau'!A23) | B18: =IF('Tableau'!B23="","",'Tableau'!B23) | C18: 1 | D18: =IF('Tableau'!F23="","",'Tableau'!F23) | E18: =IF('Tableau'!G23="","",'Tableau'!G23) | F18: =IF('Tableau'!H23="","",'Tableau'!H23) | G18: =IF('Tableau'!I23="","",'Tableau'!I23) | H18: =IF('Tableau'!J23="","",'Tableau'!J23) | I18: =IF('Tableau'!K23="","",'Tableau'!K23) | J18: =IF('Tableau'!L23="","",'Tableau'!L23) | K18: =IF('Tableau'!M23="","",'Tableau'!M23) | L18: ='Tableau'!M2
A19: =IF('Tableau'!A24="","",'Tableau'!A24) | B19: =IF('Tableau'!B24="","",'Tableau'!B24) | C19: 1 | D19: =IF('Tableau'!F24="","",'Tableau'!F24) | E19: =IF('Tableau'!G24="","",'Tableau'!G24) | F19: =IF('Tableau'!H24="","",'Tableau'!H24) | G19: =IF('Tableau'!I24="","",'Tableau'!I24) | H19: =IF('Tableau'!J24="","",'Tableau'!J24) | I19: =IF('Tableau'!K24="","",'Tableau'!K24) | J19: =IF('Tableau'!L24="","",'Tableau'!L24) | K19: =IF('Tableau'!M24="","",'Tableau'!M24) | L19: ='Tableau'!M2
A21: Hinweis: Dieses Blatt als CSV speichern. Falls ClubCloud den Import ablehnt, CSV ohne UTF-8-BOM speichern.
