Workbook

Sheet Tableau
A1: 2=gewonnen 1=unentschieden | R1: Ausrichter : | S1: BGH
A2: 0=verloren | R2: Datum : | S2: =TODAY()
A3: Name | B3: =IF(Teilnehmer!B2="","",Teilnehmer!B2) | D3: =IF(Teilnehmer!B3="","",Teilnehmer!B3) | F3: =IF(Teilnehmer!B4="","",Teilnehmer!B4) | H3: =IF(Teilnehmer!B5="","",Teilnehmer!B5) | N3: Partie-punkte | O3: Bälle | P3: Aufnah-men | Q3: BED | R3: DS | S3: HS | T3: Platz
B4: Bälle | C4: Aufn.
A5: =IF(B3<>"",B3,"") | B5: Partiepunkte | D5: =IF(D6="","",IF(D4>B7,2,IF(D4<B7,0,1))) | F5: =IF(F6="","",IF(F4>B10,2,IF(F4<B10,0,1))) | H5: =IF(H6="","",IF(H4>B13,2,IF(H4<B13,0,1))) | J5: =IF(J6="","",IF(J4>B16,2,IF(J4<B16,0,1))) | L5: =IF(L6="","",IF(L4>B19,2,IF(L4<B19,0,1))) | N5: =IF((AND(D5="",F5="",H5="",J5="",L5="")),"",SUM(B5:L5)) | O5: =IF(P5="","",SUM(D4,F4,H4,J4,L4)) | P5: =IF(Q5="","",SUM(E4,G4,I4,K4,M4)) | Q5: =IF((N5=""),"",MAX(IF(D5>0,D6,0),IF(H5>0,H6,0),IF(J5>0,J6,0),IF(L5>0,L6,0),IF(F5>0,F6,0))) | R5: =IF(P5="","",TRUNC(O5/P5,3)) | S5: =IF((E6+G6+I6+K6+M6)>0,MAX(E6,G6,I6,K6,M6),"") | T5: =IF(N5="","",RANK(V5,(V$5,V$8,V$11,V$14,V$17,V$20),0)) | V5: =IF(N5="",0,N5+(R5/1000)+(O5/100000000))
B6: DS | C6: HS | D6: =IF(E4>0,TRUNC(D4/E4,3),"") | F6: =IF(G4>0,TRUNC(F4/G4,3),"") | H6: =IF(I4>0,TRUNC(H4/I4,3),"") | J6: =IF(K4>0,TRUNC(J4/K4,3),"") | L6: =IF(M4>0,TRUNC(L4/M4,3),"")
C7: =IF(E4>0,E4,"") | D7: Bälle | E7: Aufn.
A8: =IF(D3<>"",D3,"") | B8: =IF(B9="","",IF(B7>D4,2,IF(B7<D4,0,1))) | D8: Partiepunkte | F8: =IF(F9="","",IF(F7>D10,2,IF(F7<D10,0,1))) | H8: =IF(H9="","",IF(H7>D13,2,IF(H7<D13,0,1))) | J8: =IF(J9="","",IF(J7>D16,2,IF(J7<D16,0,1))) | L8: =IF(L9="","",IF(L7>D19,2,IF(L7<D19,0,1))) | N8: =IF((AND(B8="",F8="",H8="",J8="",L8="")),"",SUM(B8:L8)) | O8: =IF(P8="","",SUM(B7,F7,H7,J7,L7)) | P8: =IF(Q8="","",SUM(C7,G7,I7,K7,M7)) | Q8: =IF((N8=""),"",MAX(IF(B8>0,B9,0),IF(H8>0,H9,0),IF(J8>0,J9,0),IF(L8>0,L9,0),IF(F8>0,F9,0))) | R8: =IF(P8="","",TRUNC(O8/P8,3)) | S8: =IF((C9+G9+I9+K9+M9)>0,MAX(C9,G9,I9,K9,M9),"") | T8: =IF(N8="","",RANK(V8,(V$5,V$8,V$11,V$14,V$17,V$20),0)) | V8: =IF(N8="",0,N8+(R8/1000)+(O8/100000000))
B9: =IF(C7="","",TRUNC(B7/C7,3)) | D9: DS | E9: HS | F9: =IF(G7>0,TRUNC(F7/G7,3),"") | H9: =IF(I7>0,TRUNC(H7/I7,3),"") | J9: =IF(K7>0,TRUNC(J7/K7,3),"") | L9: =IF(M7>0,TRUNC(L7/M7,3),"")
C10: =IF(G4>0,G4,"") | E10: =IF(G7>0,G7,"") | F10: Bälle | G10: Aufn.
A11: =IF(F3<>"",F3,"") | B11: =IF(B12="","",IF(B10>F4,2,IF(B10<F4,0,1))) | D11: =IF(D12="","",IF(D10>F7,2,IF(D10<F7,0,1))) | F11: Partiepunkte | H11: =IF(H12="","",IF(H10>F13,2,IF(H10<F13,0,1))) | J11: =IF(J12="","",IF(J10>F16,2,IF(J10<F16,0,1))) | L11: =IF(L12="","",IF(L10>F19,2,IF(L10<F19,0,1))) | N11: =IF((AND(B11="",D11="",H11="",J11="",L11="")),"",SUM(B11:L11)) | O11: =IF(P11="","",SUM(D10,B10,H10,J10,L10)) | P11: =IF(Q11="","",SUM(E10,C10,I10,K10,M10)) | Q11: =IF((N11=""),"",MAX(IF(D11>0,D12,0),IF(H11>0,H12,0),IF(J11>0,J12,0),IF(L11>0,L12,0),IF(B11>0,B12,0))) | R11: =IF(P11="","",TRUNC(O11/P11,3)) | S11: =IF((E12+C12+I12+K12+M12)>0,MAX(E12,C12,I12,K12,M12),"") | T11: =IF(N11="","",RANK(V11,(V$5,V$8,V$11,V$14,V$17,V$20),0)) | V11: =IF(N11="",0,N11+(R11/1000)+(O11/100000000))
B12: =IF(C10="","",TRUNC(B10/C10,3)) | D12: =IF(E10="","",TRUNC(D10/E10,3)) | F12: DS | G12: HS | H12: =IF(I10>0,TRUNC(H10/I10,3),"") | J12: =IF(K10>0,TRUNC(J10/K10,3),"") | L12: =IF(M10>0,TRUNC(L10/M10,3),"")
C13: =IF(I4>0,I4,"") | E13: =IF(I7>0,I7,"") | G13: =IF(I10>0,I10,"") | H13: Bälle | I13: Aufn.
A14: =IF(H3<>"",H3,"") | B14: =IF(B15="","",IF(B13>H4,2,IF(B13<H4,0,1))) | D14: =IF(D15="","",IF(D13>H7,2,IF(D13<H7,0,1))) | F14: =IF(F15="","",IF(F13>H10,2,IF(F13<H10,0,1))) | H14: Partiepunkte | J14: =IF(J15="","",IF(J13>H16,2,IF(J13<H16,0,1))) | L14: =IF(L15="","",IF(L13>H19,2,IF(L13<H19,0,1))) | N14: =IF((AND(B14="",D14="",F14="",J14="",L14="")),"",SUM(B14:L14)) | O14: =IF(P14="","",SUM(D13,F13,B13,J13,L13)) | P14: =IF(Q14="","",SUM(E13,G13,C13,K13,M13)) | Q14: =IF((N14=""),"",MAX(IF(D14>0,D15,0),IF(B14>0,B15,0),IF(J14>0,J15,0),IF(L14>0,L15,0),IF(F14>0,F15,0))) | R14: =IF(P14="","",TRUNC(O14/P14,3)) | S14: =IF((E15+G15+C15+K15+M15)>0,MAX(E15,G15,C15,K15,M15),"") | T14: =IF(N14="","",RANK(V14,(V$5,V$8,V$11,V$14,V$17,V$20),0)) | V14: =IF(N14="",0,N14+(R14/1000)+(O14/100000000))
B15: =IF(C13="","",TRUNC(B13/C13,3)) | D15: =IF(E13="","",TRUNC(D13/E13,3)) | F15: =IF(G13="","",TRUNC(F13/G13,3)) | H15: DS | I15: HS | J15: =IF(K13>0,TRUNC(J13/K13,3),"") | L15: =IF(M13>0,TRUNC(L13/M13,3),"")
C16: =IF(K4>0,K4,"") | E16: =IF(K7>0,K7,"") | G16: =IF(K10>0,K10,"") | I16: =IF(K13>0,K13,"") | J16: Bälle | K16: Aufn.
A17: =IF(J3<>"",J3,"") | B17: =IF(B18="","",IF(B16>J4,2,IF(B16<J4,0,1))) | D17: =IF(D18="","",IF(D16>J7,2,IF(D16<J7,0,1))) | F17: =IF(F18="","",IF(F16>J10,2,IF(F16<J10,0,1))) | H17: =IF(H18="","",IF(H16>J13,2,IF(H16<J13,0,1))) | J17: Partiepunkte | L17: =IF(L18="","",IF(L16>J19,2,IF(L16<J19,0,1))) | N17: =IF((AND(B17="",D17="",F17="",H17="",L17="")),"",SUM(B17:L17)) | O17: =IF(P17="","",SUM(D16,F16,H16,B16,L16)) | P17: =IF(Q17="","",SUM(E16,G16,I16,C16,M16)) | Q17: =IF((N17=""),"",MAX(IF(D17>0,D18,0),IF(H17>0,H18,0),IF(B17>0,B18,0),IF(L17>0,L18,0),IF(F17>0,F18,0))) | R17: =IF(P17="","",TRUNC(O17/P17,3)) | S17: =IF((E18+G18+I18+C18+M18)>0,MAX(E18,G18,I18,C18,M18),"") | T17: =IF(N17="","",RANK(V17,(V$5,V$8,V$11,V$14,V$17,V$20),0)) | V17: =IF(N17="",0,N17+(R17/1000)+(O17/100000000))
B18: =IF(C16="","",TRUNC(B16/C16,3)) | D18: =IF(E16="","",TRUNC(D16/E16,3)) | F18: =IF(G16="","",TRUNC(F16/G16,3)) | H18: =IF(I16="","",TRUNC(H16/I16,3)) | J18: DS | K18: HS | L18: =IF(M16>0,TRUNC(L16/M16,3),"")
C19: =IF(M4>0,M4,"") | E19: =IF(M7>0,M7,"") | G19: =IF(M10>0,M10,"") | I19: =IF(M13>0,M13,"") | K19: =IF(M16>0,M16,"") | L19: Bälle | M19: Aufn.
A20: =IF(L3<>"",L3,"") | B20: =IF(B21="","",IF(B19>L4,2,IF(B19<L4,0,1))) | D20: =IF(D21="","",IF(D19>L7,2,IF(D19<L7,0,1))) | F20: =IF(F21="","",IF(F19>L10,2,IF(F19<L10,0,1))) | H20: =IF(H21="","",IF(H19>L13,2,IF(H19<L13,0,1))) | J20: =IF(J21="","",IF(J19>L16,2,IF(J19<L16,0,1))) | L20: Partiepunkte | N20: =IF((AND(B20="",D20="",F20="",H20="",J20="")),"",SUM(B20:L20)) | O20: =IF(P20="","",SUM(D19,F19,H19,J19,B19)) | P20: =IF(Q20="","",SUM(E19,G19,I19,K19,C19)) | Q20: =IF((N20=""),"",MAX(IF(D20>0,D21,0),IF(H20>0,H21,0),IF(J20>0,J21,0),IF(B20>0,B21,0),IF(F20>0,F21,0))) | R20: =IF(P20="","",TRUNC(O20/P20,3)) | S20: =IF((E21+G21+I21+K21+C21)>0,MAX(E21,G21,I21,K21,C21),"") | T20: =IF(N20="","",RANK(V20,(V$5,V$8,V$11,V$14,V$17,V$20),0)) | V20: =IF(N20="",0,N20+(R20/1000)+(O20/100000000))
B21: =IF(C19="","",TRUNC(B19/C19,3)) | D21: =IF(E19="","",TRUNC(D19/E19,3)) | F21: =IF(G19="","",TRUNC(F19/G19,3)) | H21: =IF(I19="","",TRUNC(H19/I19,3)) | J21: =IF(K19="","",TRUNC(J19/K19,3)) | L21: DS | M21: HS
E24: nur grüne Felder ausfüllen !!!

Sheet Teilnehmer
A1: Setzposition | B1: Spieler | C1: Passnummer | D1: Hinweis
A2: 1 | D2: Name und Passnummer hier eintragen
A3: 2 | D3: Name und Passnummer hier eintragen
A4: 3 | D4: Name und Passnummer hier eintragen
A5: 4 | D5: Name und Passnummer hier eintragen
A7: Diese vier Namen werden automatisch in das Blatt Tableau übernommen. CSV Export verwendet die Passnummern.

Sheet CSV Export
A1: GRUPPE/RUNDE | B1: PARTIE | C1: SATZ-NR. | D1: PASS-NR. SPIELER 1 | E1: PASS-NR. SPIELER 2 | F1: PUNKTE SPIELER 1 | G1: PUNKTE SPIELER 2 | H1: AUFNAHMEN SPIELER 1 | I1: AUFNAHMEN SPIELER 2 | J1: HÖCHSTSERIE SPIELER 1 | K1: HÖCHSTSERIE SPIELER 2 | L1: DATUM | M1: UHRZEIT
A2: Gruppe A | B2: 1 | C2: 1 | D2: =IF(Teilnehmer!C2="","",Teilnehmer!C2) | E2: =IF(Teilnehmer!C3="","",Teilnehmer!C3) | F2: =IF(Tableau!D4="","",Tableau!D4) | G2: =IF(Tableau!B7="","",Tableau!B7) | H2: =IF(Tableau!E4="","",Tableau!E4) | I2: =IF(Tableau!C7="","",Tableau!C7) | J2: =IF(Tableau!E6="","",Tableau!E6) | K2: =IF(Tableau!C9="","",Tableau!C9) | L2: =Tableau!S2
A3: Gruppe A | B3: 2 | C3: 1 | D3: =IF(Teilnehmer!C2="","",Teilnehmer!C2) | E3: =IF(Teilnehmer!C4="","",Teilnehmer!C4) | F3: =IF(Tableau!F4="","",Tableau!F4) | G3: =IF(Tableau!B10="","",Tableau!B10) | H3: =IF(Tableau!G4="","",Tableau!G4) | I3: =IF(Tableau!C10="","",Tableau!C10) | J3: =IF(Tableau!G6="","",Tableau!G6) | K3: =IF(Tableau!C12="","",Tableau!C12) | L3: =Tableau!S2
A4: Gruppe A | B4: 3 | C4: 1 | D4: =IF(Teilnehmer!C2="","",Teilnehmer!C2) | E4: =IF(Teilnehmer!C5="","",Teilnehmer!C5) | F4: =IF(Tableau!H4="","",Tableau!H4) | G4: =IF(Tableau!B13="","",Tableau!B13) | H4: =IF(Tableau!I4="","",Tableau!I4) | I4: =IF(Tableau!C13="","",Tableau!C13) | J4: =IF(Tableau!I6="","",Tableau!I6) | K4: =IF(Tableau!C15="","",Tableau!C15) | L4: =Tableau!S2
A5: Gruppe A | B5: 4 | C5: 1 | D5: =IF(Teilnehmer!C3="","",Teilnehmer!C3) | E5: =IF(Teilnehmer!C4="","",Teilnehmer!C4) | F5: =IF(Tableau!F7="","",Tableau!F7) | G5: =IF(Tableau!D10="","",Tableau!D10) | H5: =IF(Tableau!G7="","",Tableau!G7) | I5: =IF(Tableau!E10="","",Tableau!E10) | J5: =IF(Tableau!G9="","",Tableau!G9) | K5: =IF(Tableau!E12="","",Tableau!E12) | L5: =Tableau!S2
A6: Gruppe A | B6: 5 | C6: 1 | D6: =IF(Teilnehmer!C3="","",Teilnehmer!C3) | E6: =IF(Teilnehmer!C5="","",Teilnehmer!C5) | F6: =IF(Tableau!H7="","",Tableau!H7) | G6: =IF(Tableau!D13="","",Tableau!D13) | H6: =IF(Tableau!I7="","",Tableau!I7) | I6: =IF(Tableau!E13="","",Tableau!E13) | J6: =IF(Tableau!I9="","",Tableau!I9) | K6: =IF(Tableau!E15="","",Tableau!E15) | L6: =Tableau!S2
A7: Gruppe A | B7: 6 | C7: 1 | D7: =IF(Teilnehmer!C4="","",Teilnehmer!C4) | E7: =IF(Teilnehmer!C5="","",Teilnehmer!C5) | F7: =IF(Tableau!H10="","",Tableau!H10) | G7: =IF(Tableau!F13="","",Tableau!F13) | H7: =IF(Tableau!I10="","",Tableau!I10) | I7: =IF(Tableau!G13="","",Tableau!G13) | J7: =IF(Tableau!I12="","",Tableau!I12) | K7: =IF(Tableau!G15="","",Tableau!G15) | L7: =Tableau!S2
A9: Hinweis: Dieses Blatt als CSV speichern. Falls ClubCloud den Import ablehnt, CSV ohne UTF-8-BOM speichern.
